Label,start

*,0.038,0.077,adjust=True
attack
teleport,right,1

*,0.069,0.077
attack
teleport,right,1

*,0.103,0.077
attack
teleport,right,1

*,0.137,0.077
attack
teleport,right,1

*,0.168,0.077
attack
teleport,right,1

*,0.204,0.077
attack
teleport,right,1

*,0.236,0.077
attack
teleport,right,1

*,0.269,0.077
attack
teleport,right,1

*,0.285,0.077,adjust=True
attack

Label,move_left

*,0.269,0.077
attack
teleport,left,1

*,0.236,0.077
attack
teleport,left,1

*,0.204,0.077
attack
teleport,left,1

*,0.168,0.077
attack
teleport,left,1

*,0.137,0.077
attack
teleport,left,1

*,0.103,0.077
attack
teleport,left,1

*,0.069,0.077
attack
teleport,left,1

*,0.038,0.077,adjust=True
attack

Jump,start



